"","logFC","logCPM","F","PValue","FDR"
"Bra028803",-5.04542411367411,3.51422201681025,189.500982950232,3.80421752120676e-09,9.14305639046832e-05
